{
    "resultados": {
        "area_m2": 59.13022113022113,
        "perimetro_m": 58.50204145059818
    },
    "procesado": true
}