{
    "resultados": {
        "area_m2": 161.34322373696872,
        "perimetro_m": 23.738904211918513
    },
    "procesado": true
}